approval_id,priority,path,sample_rate,duration_seconds,channels,loop,peak_dbfs
J6,5,Ambience/blue_flame_v01.wav,48000,12.0,1,True,-27.0
J5,5,Ambience/brazier_v01.wav,48000,12.0,1,True,-27.0
J7,5,Ambience/candle_v01.wav,48000,12.0,1,True,-27.0
J3,5,Ambience/cave_v01.wav,48000,20.0,2,True,-22.0
J1,5,Ambience/courtyard_v01.wav,48000,20.0,2,True,-22.0
J2,5,Ambience/graveyard_v01.wav,48000,20.0,2,True,-22.0
J4,5,Ambience/sanctum_v01.wav,48000,20.0,2,True,-22.0
H20,2,Collector/collector_death_binding_tail_v01.wav,48000,3.899646,1,False,-15.0
H20,2,Collector/collector_death_collapse_v01.wav,48000,1.886729,1,False,-8.0
H20,2,Collector/collector_death_collapse_v02.wav,48000,1.859229,1,False,-8.0
H20,2,Collector/collector_death_rupture_v01.wav,48000,1.106125,1,False,-5.0
H20,2,Collector/collector_death_rupture_v02.wav,48000,1.078271,1,False,-5.0
H21,2,Collector/collector_encore_entrance_v01.wav,48000,2.146812,1,False,-8.0
H21,2,Collector/collector_encore_entrance_v02.wav,48000,2.053812,1,False,-8.0
H6,2,Collector/collector_fan_release_v01.wav,48000,0.563854,1,False,-7.0
H6,2,Collector/collector_fan_release_v02.wav,48000,0.566646,1,False,-7.0
H6,2,Collector/collector_fan_release_v03.wav,48000,0.556688,1,False,-7.0
H6,2,Collector/collector_fan_release_v04.wav,48000,0.564542,1,False,-7.0
H5,2,Collector/collector_fan_windup_v01.wav,48000,0.903583,1,False,-13.0
H5,2,Collector/collector_fan_windup_v02.wav,48000,0.920729,1,False,-13.0
H5,2,Collector/collector_fan_windup_v03.wav,48000,0.893312,1,False,-13.0
H2,2,Collector/collector_footstep_v01.wav,48000,0.479792,1,False,-15.0
H2,2,Collector/collector_footstep_v02.wav,48000,0.480479,1,False,-15.0
H2,2,Collector/collector_footstep_v03.wav,48000,0.482063,1,False,-15.0
H2,2,Collector/collector_footstep_v04.wav,48000,0.475854,1,False,-15.0
H2,2,Collector/collector_footstep_v05.wav,48000,0.481333,1,False,-15.0
H2,2,Collector/collector_footstep_v06.wav,48000,0.486708,1,False,-15.0
H18,2,Collector/collector_hurt_v01.wav,48000,0.608313,1,False,-9.0
H18,2,Collector/collector_hurt_v02.wav,48000,0.605688,1,False,-9.0
H18,2,Collector/collector_hurt_v03.wav,48000,0.610208,1,False,-9.0
H18,2,Collector/collector_hurt_v04.wav,48000,0.592042,1,False,-9.0
H18,2,Collector/collector_hurt_v05.wav,48000,0.597021,1,False,-9.0
H18,2,Collector/collector_hurt_v06.wav,48000,0.604021,1,False,-9.0
H1,2,Collector/collector_manifest_v01.wav,48000,1.770083,1,False,-8.0
H1,2,Collector/collector_manifest_v02.wav,48000,1.742208,1,False,-8.0
H11,2,Collector/collector_slam_v01.wav,48000,1.177375,1,False,-5.0
H11,2,Collector/collector_slam_v02.wav,48000,1.15425,1,False,-5.0
H11,2,Collector/collector_slam_v03.wav,48000,1.211083,1,False,-5.0
H11,2,Collector/collector_slam_v04.wav,48000,1.182042,1,False,-5.0
H10,2,Collector/collector_slam_warning_v01.wav,48000,0.932104,1,False,-11.0
H10,2,Collector/collector_slam_warning_v02.wav,48000,0.928021,1,False,-11.0
H10,2,Collector/collector_slam_warning_v03.wav,48000,0.931083,1,False,-11.0
H19,2,Collector/collector_stagger_v01.wav,48000,0.733417,1,False,-10.0
H19,2,Collector/collector_stagger_v02.wav,48000,0.729271,1,False,-10.0
H19,2,Collector/collector_stagger_v03.wav,48000,0.734313,1,False,-10.0
H3,2,Collector/collector_stream_windup_v01.wav,48000,0.804479,1,False,-13.0
H3,2,Collector/collector_stream_windup_v02.wav,48000,0.782813,1,False,-13.0
H3,2,Collector/collector_stream_windup_v03.wav,48000,0.796854,1,False,-13.0
H14,2,Collector/collector_summon_arrival_v01.wav,48000,0.668021,1,False,-13.0
H14,2,Collector/collector_summon_arrival_v02.wav,48000,0.664,1,False,-13.0
H14,2,Collector/collector_summon_arrival_v03.wav,48000,0.649396,1,False,-13.0
H14,2,Collector/collector_summon_arrival_v04.wav,48000,0.672146,1,False,-13.0
H13,2,Collector/collector_summon_release_v01.wav,48000,0.756396,1,False,-9.0
H13,2,Collector/collector_summon_release_v02.wav,48000,0.756396,1,False,-9.0
H13,2,Collector/collector_summon_release_v03.wav,48000,0.7705,1,False,-9.0
H12,2,Collector/collector_summon_windup_v01.wav,48000,1.237,1,False,-13.0
H12,2,Collector/collector_summon_windup_v02.wav,48000,1.211146,1,False,-13.0
H12,2,Collector/collector_summon_windup_v03.wav,48000,1.248917,1,False,-13.0
H9,2,Collector/collector_sweep_ground_v01.wav,48000,0.714,1,False,-17.0
H9,2,Collector/collector_sweep_ground_v02.wav,48000,0.711,1,False,-17.0
H9,2,Collector/collector_sweep_ground_v03.wav,48000,0.714625,1,False,-17.0
H9,2,Collector/collector_sweep_ground_v04.wav,48000,0.708313,1,False,-17.0
H8,2,Collector/collector_sweep_v01.wav,48000,0.70475,1,False,-7.0
H8,2,Collector/collector_sweep_v02.wav,48000,0.705604,1,False,-7.0
H8,2,Collector/collector_sweep_v03.wav,48000,0.698708,1,False,-7.0
H8,2,Collector/collector_sweep_v04.wav,48000,0.692271,1,False,-7.0
H7,2,Collector/collector_sweep_windup_v01.wav,48000,1.035708,1,False,-11.0
H7,2,Collector/collector_sweep_windup_v02.wav,48000,1.068729,1,False,-11.0
H7,2,Collector/collector_sweep_windup_v03.wav,48000,1.073729,1,False,-11.0
H17,2,Collector/collector_teleport_arrive_v01.wav,48000,0.562521,1,False,-8.0
H17,2,Collector/collector_teleport_arrive_v02.wav,48000,0.567667,1,False,-8.0
H17,2,Collector/collector_teleport_arrive_v03.wav,48000,0.568542,1,False,-8.0
H17,2,Collector/collector_teleport_arrive_v04.wav,48000,0.565333,1,False,-8.0
H16,2,Collector/collector_teleport_depart_v01.wav,48000,0.514646,1,False,-9.0
H16,2,Collector/collector_teleport_depart_v02.wav,48000,0.503333,1,False,-9.0
H16,2,Collector/collector_teleport_depart_v03.wav,48000,0.505,1,False,-9.0
H16,2,Collector/collector_teleport_depart_v04.wav,48000,0.509792,1,False,-9.0
H15,2,Collector/collector_teleport_warning_v01.wav,48000,0.882708,1,False,-13.0
H15,2,Collector/collector_teleport_warning_v02.wav,48000,0.863667,1,False,-13.0
H15,2,Collector/collector_teleport_warning_v03.wav,48000,0.865896,1,False,-13.0
E6,1,CoreMagic/capture_append_v01.wav,48000,0.389042,1,False,-15.0
E6,1,CoreMagic/capture_append_v02.wav,48000,0.387937,1,False,-15.0
E6,1,CoreMagic/capture_append_v03.wav,48000,0.389062,1,False,-15.0
E6,1,CoreMagic/capture_append_v04.wav,48000,0.388792,1,False,-15.0
E6,1,CoreMagic/capture_append_v05.wav,48000,0.391688,1,False,-15.0
E7,1,CoreMagic/capture_perfect_v01.wav,48000,0.576354,1,False,-6.0
E7,1,CoreMagic/capture_perfect_v02.wav,48000,0.589479,1,False,-6.0
E7,1,CoreMagic/capture_perfect_v03.wav,48000,0.588437,1,False,-6.0
E7,1,CoreMagic/capture_perfect_v04.wav,48000,0.587208,1,False,-6.0
E5,1,CoreMagic/capture_success_v01.wav,48000,0.464646,1,False,-9.0
E5,1,CoreMagic/capture_success_v02.wav,48000,0.462417,1,False,-9.0
E5,1,CoreMagic/capture_success_v03.wav,48000,0.454417,1,False,-9.0
E5,1,CoreMagic/capture_success_v04.wav,48000,0.465438,1,False,-9.0
E5,1,CoreMagic/capture_success_v05.wav,48000,0.463854,1,False,-9.0
E5,1,CoreMagic/capture_success_v06.wav,48000,0.456813,1,False,-9.0
E11,1,CoreMagic/catch_capacity_rejected_v01.wav,48000,0.388458,1,False,-17.0
E11,1,CoreMagic/catch_capacity_rejected_v02.wav,48000,0.389521,1,False,-17.0
E2,1,CoreMagic/catch_collector_style_v01.wav,48000,0.705333,1,False,-10.0
E2,1,CoreMagic/catch_collector_style_v02.wav,48000,0.714437,1,False,-10.0
E2,1,CoreMagic/catch_collector_style_v03.wav,48000,0.709583,1,False,-10.0
E2,1,CoreMagic/catch_collector_style_v04.wav,48000,0.694708,1,False,-10.0
E3,1,CoreMagic/catch_daredevil_v01.wav,48000,0.464417,1,False,-9.0
E3,1,CoreMagic/catch_daredevil_v02.wav,48000,0.464187,1,False,-9.0
E3,1,CoreMagic/catch_daredevil_v03.wav,48000,0.460375,1,False,-9.0
E3,1,CoreMagic/catch_daredevil_v04.wav,48000,0.466104,1,False,-9.0
E9,1,CoreMagic/catch_hand_occupied_v01.wav,48000,0.412062,1,False,-17.0
E9,1,CoreMagic/catch_hand_occupied_v02.wav,48000,0.408792,1,False,-17.0
E12,1,CoreMagic/catch_recovery_unavailable_v01.wav,48000,0.371792,1,False,-23.0
E12,1,CoreMagic/catch_recovery_unavailable_v02.wav,48000,0.369521,1,False,-23.0
E10,1,CoreMagic/catch_slots_occupied_v01.wav,48000,0.463,1,False,-16.0
E10,1,CoreMagic/catch_slots_occupied_v02.wav,48000,0.463417,1,False,-16.0
E1,1,CoreMagic/catch_snatcher_v01.wav,48000,0.504958,1,False,-9.0
E1,1,CoreMagic/catch_snatcher_v02.wav,48000,0.507583,1,False,-9.0
E1,1,CoreMagic/catch_snatcher_v03.wav,48000,0.501042,1,False,-9.0
E1,1,CoreMagic/catch_snatcher_v04.wav,48000,0.494208,1,False,-9.0
E4,1,CoreMagic/catch_window_empty_v01.wav,48000,0.425812,1,False,-23.0
E4,1,CoreMagic/catch_window_empty_v02.wav,48000,0.433333,1,False,-23.0
E4,1,CoreMagic/catch_window_empty_v03.wav,48000,0.429583,1,False,-23.0
E25,1,CoreMagic/fusion_slot_lock_v01.wav,48000,0.45575,1,False,-17.0
E25,1,CoreMagic/fusion_slot_lock_v02.wav,48000,0.458917,1,False,-17.0
E26,1,CoreMagic/fusion_slot_unlock_v01.wav,48000,0.439979,1,False,-18.0
E26,1,CoreMagic/fusion_slot_unlock_v02.wav,48000,0.440104,1,False,-18.0
E20,1,CoreMagic/overcharge_release_v01.wav,48000,0.677583,1,False,-4.0
E20,1,CoreMagic/overcharge_release_v02.wav,48000,0.690729,1,False,-4.0
E20,1,CoreMagic/overcharge_release_v03.wav,48000,0.684146,1,False,-4.0
E20,1,CoreMagic/overcharge_release_v04.wav,48000,0.686063,1,False,-4.0
E19,1,CoreMagic/overcharge_window_enter_v01.wav,48000,0.417208,1,False,-10.0
E19,1,CoreMagic/overcharge_window_enter_v02.wav,48000,0.418417,1,False,-10.0
E19,1,CoreMagic/overcharge_window_enter_v03.wav,48000,0.416021,1,False,-10.0
E21,1,CoreMagic/packet_backfire_v01.wav,48000,0.811479,1,False,-5.0
E21,1,CoreMagic/packet_backfire_v02.wav,48000,0.837271,1,False,-5.0
E21,1,CoreMagic/packet_backfire_v03.wav,48000,0.83825,1,False,-5.0
E21,1,CoreMagic/packet_backfire_v04.wav,48000,0.840458,1,False,-5.0
E23,1,CoreMagic/packet_bank_freeze_v01.wav,48000,0.483708,1,False,-20.0
E23,1,CoreMagic/packet_bank_freeze_v02.wav,48000,0.478146,1,False,-20.0
E23,1,CoreMagic/packet_bank_freeze_v03.wav,48000,0.483875,1,False,-20.0
E24,1,CoreMagic/packet_bank_resume_v01.wav,48000,0.458313,1,False,-19.0
E24,1,CoreMagic/packet_bank_resume_v02.wav,48000,0.457479,1,False,-19.0
E24,1,CoreMagic/packet_bank_resume_v03.wav,48000,0.459854,1,False,-19.0
E8,1,CoreMagic/packet_capacity_full_v01.wav,48000,0.436292,1,False,-13.0
E8,1,CoreMagic/packet_capacity_full_v02.wav,48000,0.442625,1,False,-13.0
E8,1,CoreMagic/packet_capacity_full_v03.wav,48000,0.436167,1,False,-13.0
E17,1,CoreMagic/packet_charge_v01.wav,48000,3.0,1,True,-20.0
E18,1,CoreMagic/packet_expiry_warning_v01.wav,48000,0.590187,1,False,-13.0
E18,1,CoreMagic/packet_expiry_warning_v02.wav,48000,0.60425,1,False,-13.0
E18,1,CoreMagic/packet_expiry_warning_v03.wav,48000,0.600812,1,False,-13.0
E13,1,CoreMagic/packet_forms_v01.wav,48000,0.501,1,False,-14.0
E13,1,CoreMagic/packet_forms_v02.wav,48000,0.49925,1,False,-14.0
E13,1,CoreMagic/packet_forms_v03.wav,48000,0.495771,1,False,-14.0
E13,1,CoreMagic/packet_forms_v04.wav,48000,0.501917,1,False,-14.0
E14,1,CoreMagic/packet_primed_v01.wav,48000,0.427458,1,False,-14.0
E14,1,CoreMagic/packet_primed_v02.wav,48000,0.430812,1,False,-14.0
E14,1,CoreMagic/packet_primed_v03.wav,48000,0.426917,1,False,-14.0
E16,1,CoreMagic/release_empty_v01.wav,48000,0.349313,1,False,-28.0
E16,1,CoreMagic/release_empty_v02.wav,48000,0.352292,1,False,-28.0
E15,1,CoreMagic/release_unprimed_v01.wav,48000,0.403479,1,False,-18.0
E15,1,CoreMagic/release_unprimed_v02.wav,48000,0.396333,1,False,-18.0
E22,1,CoreMagic/slot_swap_v01.wav,48000,0.436188,1,False,-15.0
E22,1,CoreMagic/slot_swap_v02.wav,48000,0.441833,1,False,-15.0
E22,1,CoreMagic/slot_swap_v03.wav,48000,0.444563,1,False,-15.0
E22,1,CoreMagic/slot_swap_v04.wav,48000,0.444083,1,False,-15.0
G1,3,Enemies/acolyte_death_v01.wav,48000,0.933333,1,False,-10.0
G1,3,Enemies/acolyte_death_v02.wav,48000,0.912188,1,False,-10.0
G1,3,Enemies/acolyte_death_v03.wav,48000,0.940729,1,False,-10.0
G1,3,Enemies/acolyte_death_v04.wav,48000,0.907375,1,False,-10.0
G1,3,Enemies/acolyte_death_v05.wav,48000,0.908542,1,False,-10.0
G1,3,Enemies/acolyte_death_v06.wav,48000,0.911417,1,False,-10.0
G1,3,Enemies/acolyte_hurt_v01.wav,48000,0.484583,1,False,-13.0
G1,3,Enemies/acolyte_hurt_v02.wav,48000,0.478979,1,False,-13.0
G1,3,Enemies/acolyte_hurt_v03.wav,48000,0.479438,1,False,-13.0
G1,3,Enemies/acolyte_hurt_v04.wav,48000,0.478979,1,False,-13.0
G1,3,Enemies/acolyte_hurt_v05.wav,48000,0.484375,1,False,-13.0
G1,3,Enemies/acolyte_hurt_v06.wav,48000,0.481187,1,False,-13.0
G1,3,Enemies/acolyte_materialize_v01.wav,48000,0.693917,1,False,-14.0
G1,3,Enemies/acolyte_materialize_v02.wav,48000,0.667937,1,False,-14.0
G1,3,Enemies/acolyte_materialize_v03.wav,48000,0.676708,1,False,-14.0
G1,3,Enemies/acolyte_materialize_v04.wav,48000,0.67775,1,False,-14.0
G1,3,Enemies/acolyte_movement_v01.wav,48000,0.424833,1,False,-25.0
G1,3,Enemies/acolyte_movement_v02.wav,48000,0.426625,1,False,-25.0
G1,3,Enemies/acolyte_movement_v03.wav,48000,0.431604,1,False,-25.0
G1,3,Enemies/acolyte_movement_v04.wav,48000,0.429104,1,False,-25.0
G1,3,Enemies/acolyte_movement_v05.wav,48000,0.428083,1,False,-25.0
G1,3,Enemies/acolyte_movement_v06.wav,48000,0.433146,1,False,-25.0
G1,3,Enemies/acolyte_spawn_warning_v01.wav,48000,0.649646,1,False,-19.0
G1,3,Enemies/acolyte_spawn_warning_v02.wav,48000,0.642375,1,False,-19.0
G1,3,Enemies/acolyte_spawn_warning_v03.wav,48000,0.628583,1,False,-19.0
G5,1,Enemies/acolyte_windup_v01.wav,48000,0.948479,1,False,-16.0
G5,1,Enemies/acolyte_windup_v02.wav,48000,0.951792,1,False,-16.0
G5,1,Enemies/acolyte_windup_v03.wav,48000,0.918104,1,False,-16.0
G5,1,Enemies/acolyte_windup_v04.wav,48000,0.933146,1,False,-16.0
G12,3,Enemies/elite_attack_layer_v01.wav,48000,0.449958,1,False,-19.0
G12,3,Enemies/elite_attack_layer_v02.wav,48000,0.453354,1,False,-19.0
G12,3,Enemies/elite_attack_layer_v03.wav,48000,0.452729,1,False,-19.0
G12,3,Enemies/elite_attack_layer_v04.wav,48000,0.449229,1,False,-19.0
G14,3,Enemies/elite_death_accent_v01.wav,48000,1.152875,1,False,-12.0
G14,3,Enemies/elite_death_accent_v02.wav,48000,1.208896,1,False,-12.0
G14,3,Enemies/elite_death_accent_v03.wav,48000,1.171938,1,False,-12.0
G14,3,Enemies/elite_death_accent_v04.wav,48000,1.201437,1,False,-12.0
G11,3,Enemies/elite_evolution_v01.wav,48000,1.214958,1,False,-8.0
G11,3,Enemies/elite_evolution_v02.wav,48000,1.261104,1,False,-8.0
G11,3,Enemies/elite_evolution_v03.wav,48000,1.260375,1,False,-8.0
G11,3,Enemies/elite_evolution_v04.wav,48000,1.253521,1,False,-8.0
G13,3,Enemies/elite_hurt_layer_v01.wav,48000,0.534563,1,False,-17.0
G13,3,Enemies/elite_hurt_layer_v02.wav,48000,0.537521,1,False,-17.0
G13,3,Enemies/elite_hurt_layer_v03.wav,48000,0.537646,1,False,-17.0
G13,3,Enemies/elite_hurt_layer_v04.wav,48000,0.536583,1,False,-17.0
G12,3,Enemies/elite_movement_layer_v01.wav,48000,0.415875,1,False,-27.0
G12,3,Enemies/elite_movement_layer_v02.wav,48000,0.415542,1,False,-27.0
G12,3,Enemies/elite_movement_layer_v03.wav,48000,0.418667,1,False,-27.0
G12,3,Enemies/elite_movement_layer_v04.wav,48000,0.416979,1,False,-27.0
G10,3,Enemies/overstay_warning_v01.wav,48000,0.861854,1,False,-17.0
G10,3,Enemies/overstay_warning_v02.wav,48000,0.871396,1,False,-17.0
G10,3,Enemies/overstay_warning_v03.wav,48000,0.872563,1,False,-17.0
G2,3,Enemies/pursuer_death_v01.wav,48000,0.920875,1,False,-10.0
G2,3,Enemies/pursuer_death_v02.wav,48000,0.912375,1,False,-10.0
G2,3,Enemies/pursuer_death_v03.wav,48000,0.950104,1,False,-10.0
G2,3,Enemies/pursuer_death_v04.wav,48000,0.91,1,False,-10.0
G2,3,Enemies/pursuer_death_v05.wav,48000,0.927375,1,False,-10.0
G2,3,Enemies/pursuer_death_v06.wav,48000,0.917875,1,False,-10.0
G2,3,Enemies/pursuer_hurt_v01.wav,48000,0.485458,1,False,-13.0
G2,3,Enemies/pursuer_hurt_v02.wav,48000,0.485125,1,False,-13.0
G2,3,Enemies/pursuer_hurt_v03.wav,48000,0.482875,1,False,-13.0
G2,3,Enemies/pursuer_hurt_v04.wav,48000,0.479604,1,False,-13.0
G2,3,Enemies/pursuer_hurt_v05.wav,48000,0.478292,1,False,-13.0
G2,3,Enemies/pursuer_hurt_v06.wav,48000,0.479104,1,False,-13.0
G2,3,Enemies/pursuer_materialize_v01.wav,48000,0.670937,1,False,-14.0
G2,3,Enemies/pursuer_materialize_v02.wav,48000,0.693542,1,False,-14.0
G2,3,Enemies/pursuer_materialize_v03.wav,48000,0.687292,1,False,-14.0
G2,3,Enemies/pursuer_materialize_v04.wav,48000,0.690021,1,False,-14.0
G2,3,Enemies/pursuer_movement_v01.wav,48000,0.434604,1,False,-25.0
G2,3,Enemies/pursuer_movement_v02.wav,48000,0.434729,1,False,-25.0
G2,3,Enemies/pursuer_movement_v03.wav,48000,0.433771,1,False,-25.0
G2,3,Enemies/pursuer_movement_v04.wav,48000,0.427938,1,False,-25.0
G2,3,Enemies/pursuer_movement_v05.wav,48000,0.432479,1,False,-25.0
G2,3,Enemies/pursuer_movement_v06.wav,48000,0.431417,1,False,-25.0
G2,3,Enemies/pursuer_spawn_warning_v01.wav,48000,0.647521,1,False,-19.0
G2,3,Enemies/pursuer_spawn_warning_v02.wav,48000,0.627958,1,False,-19.0
G2,3,Enemies/pursuer_spawn_warning_v03.wav,48000,0.641458,1,False,-19.0
G9,1,Enemies/pursuer_strike_v01.wav,48000,0.463833,1,False,-9.0
G9,1,Enemies/pursuer_strike_v02.wav,48000,0.458604,1,False,-9.0
G9,1,Enemies/pursuer_strike_v03.wav,48000,0.454562,1,False,-9.0
G9,1,Enemies/pursuer_strike_v04.wav,48000,0.455375,1,False,-9.0
G9,1,Enemies/pursuer_strike_v05.wav,48000,0.458937,1,False,-9.0
G9,1,Enemies/pursuer_strike_v06.wav,48000,0.463917,1,False,-9.0
G8,1,Enemies/pursuer_windup_v01.wav,48000,0.847958,1,False,-14.0
G8,1,Enemies/pursuer_windup_v02.wav,48000,0.838479,1,False,-14.0
G8,1,Enemies/pursuer_windup_v03.wav,48000,0.824729,1,False,-14.0
G8,1,Enemies/pursuer_windup_v04.wav,48000,0.813646,1,False,-14.0
G3,3,Enemies/scatter_caster_death_v01.wav,48000,0.936875,1,False,-10.0
G3,3,Enemies/scatter_caster_death_v02.wav,48000,0.930771,1,False,-10.0
G3,3,Enemies/scatter_caster_death_v03.wav,48000,0.952583,1,False,-10.0
G3,3,Enemies/scatter_caster_death_v04.wav,48000,0.915813,1,False,-10.0
G3,3,Enemies/scatter_caster_death_v05.wav,48000,0.938896,1,False,-10.0
G3,3,Enemies/scatter_caster_death_v06.wav,48000,0.92825,1,False,-10.0
G3,3,Enemies/scatter_caster_hurt_v01.wav,48000,0.484875,1,False,-13.0
G3,3,Enemies/scatter_caster_hurt_v02.wav,48000,0.477812,1,False,-13.0
G3,3,Enemies/scatter_caster_hurt_v03.wav,48000,0.476646,1,False,-13.0
G3,3,Enemies/scatter_caster_hurt_v04.wav,48000,0.475667,1,False,-13.0
G3,3,Enemies/scatter_caster_hurt_v05.wav,48000,0.473187,1,False,-13.0
G3,3,Enemies/scatter_caster_hurt_v06.wav,48000,0.486479,1,False,-13.0
G3,3,Enemies/scatter_caster_materialize_v01.wav,48000,0.678771,1,False,-14.0
G3,3,Enemies/scatter_caster_materialize_v02.wav,48000,0.675354,1,False,-14.0
G3,3,Enemies/scatter_caster_materialize_v03.wav,48000,0.678312,1,False,-14.0
G3,3,Enemies/scatter_caster_materialize_v04.wav,48000,0.688,1,False,-14.0
G3,3,Enemies/scatter_caster_movement_v01.wav,48000,0.429937,1,False,-25.0
G3,3,Enemies/scatter_caster_movement_v02.wav,48000,0.430104,1,False,-25.0
G3,3,Enemies/scatter_caster_movement_v03.wav,48000,0.430396,1,False,-25.0
G3,3,Enemies/scatter_caster_movement_v04.wav,48000,0.427458,1,False,-25.0
G3,3,Enemies/scatter_caster_movement_v05.wav,48000,0.431542,1,False,-25.0
G3,3,Enemies/scatter_caster_movement_v06.wav,48000,0.428583,1,False,-25.0
G3,3,Enemies/scatter_caster_spawn_warning_v01.wav,48000,0.642021,1,False,-19.0
G3,3,Enemies/scatter_caster_spawn_warning_v02.wav,48000,0.641771,1,False,-19.0
G3,3,Enemies/scatter_caster_spawn_warning_v03.wav,48000,0.641042,1,False,-19.0
G6,1,Enemies/scatter_windup_v01.wav,48000,1.064333,1,False,-16.0
G6,1,Enemies/scatter_windup_v02.wav,48000,1.058104,1,False,-16.0
G6,1,Enemies/scatter_windup_v03.wav,48000,1.104812,1,False,-16.0
G6,1,Enemies/scatter_windup_v04.wav,48000,1.073063,1,False,-16.0
G4,3,Enemies/siege_familiar_death_v01.wav,48000,0.951083,1,False,-10.0
G4,3,Enemies/siege_familiar_death_v02.wav,48000,0.929146,1,False,-10.0
G4,3,Enemies/siege_familiar_death_v03.wav,48000,0.918063,1,False,-10.0
G4,3,Enemies/siege_familiar_death_v04.wav,48000,0.916687,1,False,-10.0
G4,3,Enemies/siege_familiar_death_v05.wav,48000,0.911438,1,False,-10.0
G4,3,Enemies/siege_familiar_death_v06.wav,48000,0.935271,1,False,-10.0
G4,3,Enemies/siege_familiar_hurt_v01.wav,48000,0.476896,1,False,-13.0
G4,3,Enemies/siege_familiar_hurt_v02.wav,48000,0.486333,1,False,-13.0
G4,3,Enemies/siege_familiar_hurt_v03.wav,48000,0.481083,1,False,-13.0
G4,3,Enemies/siege_familiar_hurt_v04.wav,48000,0.479833,1,False,-13.0
G4,3,Enemies/siege_familiar_hurt_v05.wav,48000,0.473229,1,False,-13.0
G4,3,Enemies/siege_familiar_hurt_v06.wav,48000,0.475083,1,False,-13.0
G4,3,Enemies/siege_familiar_materialize_v01.wav,48000,0.677979,1,False,-14.0
G4,3,Enemies/siege_familiar_materialize_v02.wav,48000,0.677479,1,False,-14.0
G4,3,Enemies/siege_familiar_materialize_v03.wav,48000,0.682125,1,False,-14.0
G4,3,Enemies/siege_familiar_materialize_v04.wav,48000,0.685958,1,False,-14.0
G4,3,Enemies/siege_familiar_movement_v01.wav,48000,0.427479,1,False,-25.0
G4,3,Enemies/siege_familiar_movement_v02.wav,48000,0.429896,1,False,-25.0
G4,3,Enemies/siege_familiar_movement_v03.wav,48000,0.427646,1,False,-25.0
G4,3,Enemies/siege_familiar_movement_v04.wav,48000,0.43375,1,False,-25.0
G4,3,Enemies/siege_familiar_movement_v05.wav,48000,0.432229,1,False,-25.0
G4,3,Enemies/siege_familiar_movement_v06.wav,48000,0.432688,1,False,-25.0
G4,3,Enemies/siege_familiar_spawn_warning_v01.wav,48000,0.637083,1,False,-19.0
G4,3,Enemies/siege_familiar_spawn_warning_v02.wav,48000,0.640437,1,False,-19.0
G4,3,Enemies/siege_familiar_spawn_warning_v03.wav,48000,0.640792,1,False,-19.0
G7,1,Enemies/siege_windup_v01.wav,48000,1.705167,1,False,-14.0
G7,1,Enemies/siege_windup_v02.wav,48000,1.679,1,False,-14.0
G7,1,Enemies/siege_windup_v03.wav,48000,1.697208,1,False,-14.0
G7,1,Enemies/siege_windup_v04.wav,48000,1.743229,1,False,-14.0
J9,5,Environment/ceramic_collapse_v01.wav,48000,1.401021,1,False,-12.0
J9,5,Environment/ceramic_collapse_v02.wav,48000,1.427979,1,False,-12.0
J9,5,Environment/ceramic_collapse_v03.wav,48000,1.406375,1,False,-12.0
J9,5,Environment/ceramic_collapse_v04.wav,48000,1.43225,1,False,-12.0
J9,5,Environment/ceramic_form_v01.wav,48000,0.915896,1,False,-19.0
J9,5,Environment/ceramic_form_v02.wav,48000,0.919188,1,False,-19.0
J9,5,Environment/ceramic_form_v03.wav,48000,0.918708,1,False,-19.0
J9,5,Environment/ceramic_settle_v01.wav,48000,1.6365,1,False,-24.0
J9,5,Environment/ceramic_settle_v02.wav,48000,1.5785,1,False,-24.0
J9,5,Environment/ceramic_settle_v03.wav,48000,1.611042,1,False,-24.0
J9,5,Environment/ceramic_wear_v01.wav,48000,0.535125,1,False,-24.0
J9,5,Environment/ceramic_wear_v02.wav,48000,0.527375,1,False,-24.0
J9,5,Environment/ceramic_wear_v03.wav,48000,0.525854,1,False,-24.0
J9,5,Environment/ceramic_wear_v04.wav,48000,0.538021,1,False,-24.0
J12,5,Environment/crystal_collapse_v01.wav,48000,1.253875,1,False,-12.0
J12,5,Environment/crystal_collapse_v02.wav,48000,1.247313,1,False,-12.0
J12,5,Environment/crystal_collapse_v03.wav,48000,1.269562,1,False,-12.0
J12,5,Environment/crystal_collapse_v04.wav,48000,1.254292,1,False,-12.0
J12,5,Environment/crystal_form_v01.wav,48000,0.950562,1,False,-19.0
J12,5,Environment/crystal_form_v02.wav,48000,0.911458,1,False,-19.0
J12,5,Environment/crystal_form_v03.wav,48000,0.93625,1,False,-19.0
J12,5,Environment/crystal_settle_v01.wav,48000,1.56975,1,False,-24.0
J12,5,Environment/crystal_settle_v02.wav,48000,1.621479,1,False,-24.0
J12,5,Environment/crystal_settle_v03.wav,48000,1.617875,1,False,-24.0
J12,5,Environment/crystal_wear_v01.wav,48000,0.533729,1,False,-24.0
J12,5,Environment/crystal_wear_v02.wav,48000,0.524104,1,False,-24.0
J12,5,Environment/crystal_wear_v03.wav,48000,0.531521,1,False,-24.0
J12,5,Environment/crystal_wear_v04.wav,48000,0.533958,1,False,-24.0
J10,5,Environment/rock_collapse_v01.wav,48000,1.432604,1,False,-12.0
J10,5,Environment/rock_collapse_v02.wav,48000,1.414458,1,False,-12.0
J10,5,Environment/rock_collapse_v03.wav,48000,1.276292,1,False,-12.0
J10,5,Environment/rock_collapse_v04.wav,48000,1.407479,1,False,-12.0
J10,5,Environment/rock_form_v01.wav,48000,0.949771,1,False,-19.0
J10,5,Environment/rock_form_v02.wav,48000,0.929604,1,False,-19.0
J10,5,Environment/rock_form_v03.wav,48000,0.942438,1,False,-19.0
J10,5,Environment/rock_settle_v01.wav,48000,1.609729,1,False,-24.0
J10,5,Environment/rock_settle_v02.wav,48000,1.571667,1,False,-24.0
J10,5,Environment/rock_settle_v03.wav,48000,1.589208,1,False,-24.0
J10,5,Environment/rock_wear_v01.wav,48000,0.527021,1,False,-24.0
J10,5,Environment/rock_wear_v02.wav,48000,0.531729,1,False,-24.0
J10,5,Environment/rock_wear_v03.wav,48000,0.525125,1,False,-24.0
J10,5,Environment/rock_wear_v04.wav,48000,0.534104,1,False,-24.0
J8,5,Environment/stone_collapse_v01.wav,48000,1.417667,1,False,-12.0
J8,5,Environment/stone_collapse_v02.wav,48000,1.275313,1,False,-12.0
J8,5,Environment/stone_collapse_v03.wav,48000,1.26025,1,False,-12.0
J8,5,Environment/stone_collapse_v04.wav,48000,1.423771,1,False,-12.0
J8,5,Environment/stone_form_v01.wav,48000,0.921417,1,False,-19.0
J8,5,Environment/stone_form_v02.wav,48000,0.941896,1,False,-19.0
J8,5,Environment/stone_form_v03.wav,48000,0.908292,1,False,-19.0
J8,5,Environment/stone_settle_v01.wav,48000,1.576688,1,False,-24.0
J8,5,Environment/stone_settle_v02.wav,48000,1.578812,1,False,-24.0
J8,5,Environment/stone_settle_v03.wav,48000,1.581979,1,False,-24.0
J8,5,Environment/stone_wear_v01.wav,48000,0.529521,1,False,-24.0
J8,5,Environment/stone_wear_v02.wav,48000,0.533021,1,False,-24.0
J8,5,Environment/stone_wear_v03.wav,48000,0.537875,1,False,-24.0
J8,5,Environment/stone_wear_v04.wav,48000,0.528875,1,False,-24.0
J11,5,Environment/wood_collapse_v01.wav,48000,1.272875,1,False,-12.0
J11,5,Environment/wood_collapse_v02.wav,48000,1.255208,1,False,-12.0
J11,5,Environment/wood_collapse_v03.wav,48000,1.426354,1,False,-12.0
J11,5,Environment/wood_collapse_v04.wav,48000,1.407563,1,False,-12.0
J11,5,Environment/wood_form_v01.wav,48000,0.941833,1,False,-19.0
J11,5,Environment/wood_form_v02.wav,48000,0.913042,1,False,-19.0
J11,5,Environment/wood_form_v03.wav,48000,0.935187,1,False,-19.0
J11,5,Environment/wood_settle_v01.wav,48000,1.632354,1,False,-24.0
J11,5,Environment/wood_settle_v02.wav,48000,1.605208,1,False,-24.0
J11,5,Environment/wood_settle_v03.wav,48000,1.631563,1,False,-24.0
J11,5,Environment/wood_wear_v01.wav,48000,0.536375,1,False,-24.0
J11,5,Environment/wood_wear_v02.wav,48000,0.537604,1,False,-24.0
J11,5,Environment/wood_wear_v03.wav,48000,0.524125,1,False,-24.0
J11,5,Environment/wood_wear_v04.wav,48000,0.526083,1,False,-24.0
A4,2,Music/cave_combat.wav,48000,51.428562,2,True,-6.838
A6,2,Music/collector_battle.wav,48000,55.652167,2,True,-5.284
A2,2,Music/courtyard_combat.wav,48000,51.428562,2,True,-6.167
A7,6,Music/endless_arena_escalation.wav,48000,51.428562,2,True,-7.879
A7,6,Music/endless_collector_escalation.wav,48000,55.652167,2,True,-10.121
A11,6,Music/failure_results.wav,48000,58.181812,2,True,-8.102
A3,2,Music/graveyard_combat.wav,48000,51.428562,2,True,-6.254
A1,2,Music/main_menu.wav,48000,73.846146,2,True,-7.982
A5,2,Music/sanctum_intro.wav,48000,7.8,2,False,-5.933
A8,6,Music/training.wav,48000,46.829271,2,True,-7.946
A9,6,Music/upgrade_selection.wav,48000,49.230771,2,True,-7.779
A10,6,Music/victory_results.wav,48000,45.714292,2,True,-7.513
L1,6,Narrative/dialogue_tick_v01.wav,22050,0.024989,1,False,-21.938
D18,1,Player/borrowed_life_exhausted_v01.wav,48000,1.896813,1,False,-10.0
D18,1,Player/borrowed_life_exhausted_v02.wav,48000,1.844604,1,False,-10.0
D6,1,Player/dash_end_v01.wav,48000,0.400771,1,False,-19.0
D6,1,Player/dash_end_v02.wav,48000,0.398021,1,False,-19.0
D6,1,Player/dash_end_v03.wav,48000,0.401521,1,False,-19.0
D6,1,Player/dash_end_v04.wav,48000,0.403771,1,False,-19.0
D5,1,Player/dash_launch_v01.wav,48000,0.463917,1,False,-10.0
D5,1,Player/dash_launch_v02.wav,48000,0.457229,1,False,-10.0
D5,1,Player/dash_launch_v03.wav,48000,0.464167,1,False,-10.0
D5,1,Player/dash_launch_v04.wav,48000,0.458625,1,False,-10.0
D5,1,Player/dash_launch_v05.wav,48000,0.459083,1,False,-10.0
D5,1,Player/dash_launch_v06.wav,48000,0.461125,1,False,-10.0
D7,1,Player/dash_ready_v01.wav,48000,0.393208,1,False,-20.0
D7,1,Player/dash_ready_v02.wav,48000,0.390042,1,False,-20.0
D7,1,Player/dash_ready_v03.wav,48000,0.391417,1,False,-20.0
D8,3,Player/dash_unavailable_v01.wav,48000,0.367979,1,False,-24.0
D8,3,Player/dash_unavailable_v02.wav,48000,0.369104,1,False,-24.0
D3,3,Player/footstep_cave_rock_v01.wav,48000,0.435125,1,False,-19.0
D3,3,Player/footstep_cave_rock_v02.wav,48000,0.443479,1,False,-19.0
D3,3,Player/footstep_cave_rock_v03.wav,48000,0.445333,1,False,-19.0
D3,3,Player/footstep_cave_rock_v04.wav,48000,0.436333,1,False,-19.0
D3,3,Player/footstep_cave_rock_v05.wav,48000,0.443854,1,False,-19.0
D3,3,Player/footstep_cave_rock_v06.wav,48000,0.435292,1,False,-19.0
D3,3,Player/footstep_cave_rock_v07.wav,48000,0.443417,1,False,-19.0
D3,3,Player/footstep_cave_rock_v08.wav,48000,0.436812,1,False,-19.0
D1,3,Player/footstep_courtyard_stone_v01.wav,48000,0.4385,1,False,-19.0
D1,3,Player/footstep_courtyard_stone_v02.wav,48000,0.438396,1,False,-19.0
D1,3,Player/footstep_courtyard_stone_v03.wav,48000,0.444354,1,False,-19.0
D1,3,Player/footstep_courtyard_stone_v04.wav,48000,0.436042,1,False,-19.0
D1,3,Player/footstep_courtyard_stone_v05.wav,48000,0.435917,1,False,-19.0
D1,3,Player/footstep_courtyard_stone_v06.wav,48000,0.437708,1,False,-19.0
D1,3,Player/footstep_courtyard_stone_v07.wav,48000,0.438479,1,False,-19.0
D1,3,Player/footstep_courtyard_stone_v08.wav,48000,0.440375,1,False,-19.0
D2,3,Player/footstep_graveyard_ground_v01.wav,48000,0.435437,1,False,-19.0
D2,3,Player/footstep_graveyard_ground_v02.wav,48000,0.437729,1,False,-19.0
D2,3,Player/footstep_graveyard_ground_v03.wav,48000,0.442812,1,False,-19.0
D2,3,Player/footstep_graveyard_ground_v04.wav,48000,0.44475,1,False,-19.0
D2,3,Player/footstep_graveyard_ground_v05.wav,48000,0.4345,1,False,-19.0
D2,3,Player/footstep_graveyard_ground_v06.wav,48000,0.441417,1,False,-19.0
D2,3,Player/footstep_graveyard_ground_v07.wav,48000,0.440646,1,False,-19.0
D2,3,Player/footstep_graveyard_ground_v08.wav,48000,0.44125,1,False,-19.0
D4,3,Player/footstep_sanctum_stone_v01.wav,48000,0.435854,1,False,-19.0
D4,3,Player/footstep_sanctum_stone_v02.wav,48000,0.443729,1,False,-19.0
D4,3,Player/footstep_sanctum_stone_v03.wav,48000,0.441708,1,False,-19.0
D4,3,Player/footstep_sanctum_stone_v04.wav,48000,0.443188,1,False,-19.0
D4,3,Player/footstep_sanctum_stone_v05.wav,48000,0.440417,1,False,-19.0
D4,3,Player/footstep_sanctum_stone_v06.wav,48000,0.437417,1,False,-19.0
D4,3,Player/footstep_sanctum_stone_v07.wav,48000,0.436208,1,False,-19.0
D4,3,Player/footstep_sanctum_stone_v08.wav,48000,0.440583,1,False,-19.0
D12,3,Player/grace_protection_v01.wav,48000,0.514271,1,False,-23.0
D12,3,Player/grace_protection_v02.wav,48000,0.525604,1,False,-23.0
D12,3,Player/grace_protection_v03.wav,48000,0.519375,1,False,-23.0
D13,1,Player/life_danger_enter_v01.wav,48000,0.745604,1,False,-14.0
D13,1,Player/life_danger_enter_v02.wav,48000,0.754479,1,False,-14.0
D15,3,Player/life_restored_kill_v01.wav,48000,0.526687,1,False,-20.0
D15,3,Player/life_restored_kill_v02.wav,48000,0.520625,1,False,-20.0
D15,3,Player/life_restored_kill_v03.wav,48000,0.527958,1,False,-20.0
D15,3,Player/life_restored_kill_v04.wav,48000,0.525625,1,False,-20.0
D16,3,Player/life_stolen_v01.wav,48000,0.536542,1,False,-22.0
D16,3,Player/life_stolen_v02.wav,48000,0.539208,1,False,-22.0
D16,3,Player/life_stolen_v03.wav,48000,0.541729,1,False,-22.0
D16,3,Player/life_stolen_v04.wav,48000,0.536563,1,False,-22.0
D14,3,Player/low_life_heartbeat_v01.wav,48000,2.0,1,True,-22.0
D17,1,Player/player_death_v01.wav,48000,1.512917,1,False,-8.0
D17,1,Player/player_death_v02.wav,48000,1.519417,1,False,-8.0
D17,1,Player/player_death_v03.wav,48000,1.532083,1,False,-8.0
D11,1,Player/player_hit_contact_v01.wav,48000,0.426583,1,False,-12.0
D11,1,Player/player_hit_contact_v02.wav,48000,0.426979,1,False,-12.0
D11,1,Player/player_hit_contact_v03.wav,48000,0.427375,1,False,-12.0
D11,1,Player/player_hit_contact_v04.wav,48000,0.427312,1,False,-12.0
D10,1,Player/player_hit_melee_v01.wav,48000,0.582292,1,False,-7.0
D10,1,Player/player_hit_melee_v02.wav,48000,0.586812,1,False,-7.0
D10,1,Player/player_hit_melee_v03.wav,48000,0.585417,1,False,-7.0
D10,1,Player/player_hit_melee_v04.wav,48000,0.582146,1,False,-7.0
D10,1,Player/player_hit_melee_v05.wav,48000,0.590229,1,False,-7.0
D10,1,Player/player_hit_melee_v06.wav,48000,0.569562,1,False,-7.0
D9,1,Player/player_hit_projectile_v01.wav,48000,0.520625,1,False,-7.0
D9,1,Player/player_hit_projectile_v02.wav,48000,0.521312,1,False,-7.0
D9,1,Player/player_hit_projectile_v03.wav,48000,0.519958,1,False,-7.0
D9,1,Player/player_hit_projectile_v04.wav,48000,0.518771,1,False,-7.0
D9,1,Player/player_hit_projectile_v05.wav,48000,0.527229,1,False,-7.0
D9,1,Player/player_hit_projectile_v06.wav,48000,0.513458,1,False,-7.0
F1,1,Projectiles/acolyte_bolt_dissipate_v01.wav,48000,0.48575,1,False,-24.0
F1,1,Projectiles/acolyte_bolt_dissipate_v02.wav,48000,0.483875,1,False,-24.0
F1,1,Projectiles/acolyte_bolt_dissipate_v03.wav,48000,0.485125,1,False,-24.0
F1,1,Projectiles/acolyte_bolt_dissipate_v04.wav,48000,0.478812,1,False,-24.0
F1,1,Projectiles/acolyte_bolt_flight_v01.wav,48000,2.0,1,True,-26.0
F1,1,Projectiles/acolyte_bolt_impact_v01.wav,48000,0.526646,1,False,-10.0
F1,1,Projectiles/acolyte_bolt_impact_v02.wav,48000,0.519917,1,False,-10.0
F1,1,Projectiles/acolyte_bolt_impact_v03.wav,48000,0.525042,1,False,-10.0
F1,1,Projectiles/acolyte_bolt_impact_v04.wav,48000,0.520021,1,False,-10.0
F1,1,Projectiles/acolyte_bolt_impact_v05.wav,48000,0.525125,1,False,-10.0
F1,1,Projectiles/acolyte_bolt_impact_v06.wav,48000,0.520854,1,False,-10.0
F1,1,Projectiles/acolyte_bolt_launch_v01.wav,48000,0.472729,1,False,-8.0
F1,1,Projectiles/acolyte_bolt_launch_v02.wav,48000,0.468771,1,False,-8.0
F1,1,Projectiles/acolyte_bolt_launch_v03.wav,48000,0.474313,1,False,-8.0
F1,1,Projectiles/acolyte_bolt_launch_v04.wav,48000,0.4745,1,False,-8.0
F1,1,Projectiles/acolyte_bolt_returned_launch_v01.wav,48000,0.472667,1,False,-8.0
F1,1,Projectiles/acolyte_bolt_returned_launch_v02.wav,48000,0.469479,1,False,-8.0
F1,1,Projectiles/acolyte_bolt_returned_launch_v03.wav,48000,0.465542,1,False,-8.0
F1,1,Projectiles/acolyte_bolt_returned_launch_v04.wav,48000,0.467667,1,False,-8.0
F1,1,Projectiles/acolyte_bolt_wall_impact_v01.wav,48000,0.512521,1,False,-16.0
F1,1,Projectiles/acolyte_bolt_wall_impact_v02.wav,48000,0.517896,1,False,-16.0
F1,1,Projectiles/acolyte_bolt_wall_impact_v03.wav,48000,0.527354,1,False,-16.0
F1,1,Projectiles/acolyte_bolt_wall_impact_v04.wav,48000,0.513188,1,False,-16.0
F4,1,Projectiles/collector_bolt_dissipate_v01.wav,48000,0.479479,1,False,-24.0
F4,1,Projectiles/collector_bolt_dissipate_v02.wav,48000,0.478771,1,False,-24.0
F4,1,Projectiles/collector_bolt_dissipate_v03.wav,48000,0.483833,1,False,-24.0
F4,1,Projectiles/collector_bolt_dissipate_v04.wav,48000,0.484542,1,False,-24.0
F4,1,Projectiles/collector_bolt_flight_v01.wav,48000,2.0,1,True,-26.0
F4,1,Projectiles/collector_bolt_impact_v01.wav,48000,0.514979,1,False,-10.0
F4,1,Projectiles/collector_bolt_impact_v02.wav,48000,0.514458,1,False,-10.0
F4,1,Projectiles/collector_bolt_impact_v03.wav,48000,0.526208,1,False,-10.0
F4,1,Projectiles/collector_bolt_impact_v04.wav,48000,0.513208,1,False,-10.0
F4,1,Projectiles/collector_bolt_impact_v05.wav,48000,0.524792,1,False,-10.0
F4,1,Projectiles/collector_bolt_impact_v06.wav,48000,0.527062,1,False,-10.0
F4,1,Projectiles/collector_bolt_launch_v01.wav,48000,0.525312,1,False,-8.0
F4,1,Projectiles/collector_bolt_launch_v02.wav,48000,0.522167,1,False,-8.0
F4,1,Projectiles/collector_bolt_launch_v03.wav,48000,0.515458,1,False,-8.0
F4,1,Projectiles/collector_bolt_launch_v04.wav,48000,0.527667,1,False,-8.0
F4,1,Projectiles/collector_bolt_returned_launch_v01.wav,48000,0.526854,1,False,-8.0
F4,1,Projectiles/collector_bolt_returned_launch_v02.wav,48000,0.512229,1,False,-8.0
F4,1,Projectiles/collector_bolt_returned_launch_v03.wav,48000,0.513708,1,False,-8.0
F4,1,Projectiles/collector_bolt_returned_launch_v04.wav,48000,0.526438,1,False,-8.0
F4,1,Projectiles/collector_bolt_wall_impact_v01.wav,48000,0.527271,1,False,-16.0
F4,1,Projectiles/collector_bolt_wall_impact_v02.wav,48000,0.52325,1,False,-16.0
F4,1,Projectiles/collector_bolt_wall_impact_v03.wav,48000,0.526563,1,False,-16.0
F4,1,Projectiles/collector_bolt_wall_impact_v04.wav,48000,0.516896,1,False,-16.0
F14,1,Projectiles/explosion_overcharge_layer_v01.wav,48000,0.872729,1,False,-8.0
F14,1,Projectiles/explosion_overcharge_layer_v02.wav,48000,0.863563,1,False,-8.0
F14,1,Projectiles/explosion_overcharge_layer_v03.wav,48000,0.887396,1,False,-8.0
F13,1,Projectiles/impact_overcharge_layer_v01.wav,48000,0.5225,1,False,-9.0
F13,1,Projectiles/impact_overcharge_layer_v02.wav,48000,0.533979,1,False,-9.0
F13,1,Projectiles/impact_overcharge_layer_v03.wav,48000,0.532042,1,False,-9.0
F13,1,Projectiles/impact_overcharge_layer_v04.wav,48000,0.529208,1,False,-9.0
F12,1,Projectiles/impact_school_amplified_v01.wav,48000,0.475729,1,False,-10.0
F12,1,Projectiles/impact_school_amplified_v02.wav,48000,0.474083,1,False,-10.0
F12,1,Projectiles/impact_school_amplified_v03.wav,48000,0.483479,1,False,-10.0
F12,1,Projectiles/impact_school_amplified_v04.wav,48000,0.479583,1,False,-10.0
F11,1,Projectiles/impact_school_resisted_v01.wav,48000,0.442625,1,False,-15.0
F11,1,Projectiles/impact_school_resisted_v02.wav,48000,0.442729,1,False,-15.0
F11,1,Projectiles/impact_school_resisted_v03.wav,48000,0.438271,1,False,-15.0
F11,1,Projectiles/impact_school_resisted_v04.wav,48000,0.444979,1,False,-15.0
F15,1,Projectiles/mixed_packet_release_v01.wav,48000,0.498021,1,False,-12.0
F15,1,Projectiles/mixed_packet_release_v02.wav,48000,0.494563,1,False,-12.0
F15,1,Projectiles/mixed_packet_release_v03.wav,48000,0.493771,1,False,-12.0
F7,1,Projectiles/parry_collector_v01.wav,48000,0.617,1,False,-5.0
F7,1,Projectiles/parry_collector_v02.wav,48000,0.626625,1,False,-5.0
F7,1,Projectiles/parry_collector_v03.wav,48000,0.622292,1,False,-5.0
F7,1,Projectiles/parry_collector_v04.wav,48000,0.622146,1,False,-5.0
F9,1,Projectiles/parry_opportunity_v01.wav,48000,0.348313,1,False,-22.0
F9,1,Projectiles/parry_opportunity_v02.wav,48000,0.350917,1,False,-22.0
F6,1,Projectiles/parry_pursuer_v01.wav,48000,0.505417,1,False,-5.0
F6,1,Projectiles/parry_pursuer_v02.wav,48000,0.507396,1,False,-5.0
F6,1,Projectiles/parry_pursuer_v03.wav,48000,0.502521,1,False,-5.0
F6,1,Projectiles/parry_pursuer_v04.wav,48000,0.496917,1,False,-5.0
F6,1,Projectiles/parry_pursuer_v05.wav,48000,0.495812,1,False,-5.0
F8,1,Projectiles/parry_stagger_v01.wav,48000,0.525042,1,False,-12.0
F8,1,Projectiles/parry_stagger_v02.wav,48000,0.527229,1,False,-12.0
F8,1,Projectiles/parry_stagger_v03.wav,48000,0.519854,1,False,-12.0
F10,1,Projectiles/projectile_pierce_v01.wav,48000,0.417563,1,False,-13.0
F10,1,Projectiles/projectile_pierce_v02.wav,48000,0.424229,1,False,-13.0
F10,1,Projectiles/projectile_pierce_v03.wav,48000,0.421083,1,False,-13.0
F10,1,Projectiles/projectile_pierce_v04.wav,48000,0.423625,1,False,-13.0
F10,1,Projectiles/projectile_pierce_v05.wav,48000,0.421396,1,False,-13.0
F5,1,Projectiles/riposte_dissipate_v01.wav,48000,0.474979,1,False,-24.0
F5,1,Projectiles/riposte_dissipate_v02.wav,48000,0.485542,1,False,-24.0
F5,1,Projectiles/riposte_dissipate_v03.wav,48000,0.478438,1,False,-24.0
F5,1,Projectiles/riposte_dissipate_v04.wav,48000,0.4785,1,False,-24.0
F5,1,Projectiles/riposte_flight_v01.wav,48000,2.0,1,True,-26.0
F5,1,Projectiles/riposte_impact_v01.wav,48000,0.521396,1,False,-10.0
F5,1,Projectiles/riposte_impact_v02.wav,48000,0.523021,1,False,-10.0
F5,1,Projectiles/riposte_impact_v03.wav,48000,0.526208,1,False,-10.0
F5,1,Projectiles/riposte_impact_v04.wav,48000,0.512479,1,False,-10.0
F5,1,Projectiles/riposte_impact_v05.wav,48000,0.512271,1,False,-10.0
F5,1,Projectiles/riposte_impact_v06.wav,48000,0.520437,1,False,-10.0
F5,1,Projectiles/riposte_launch_v01.wav,48000,0.443708,1,False,-8.0
F5,1,Projectiles/riposte_launch_v02.wav,48000,0.444479,1,False,-8.0
F5,1,Projectiles/riposte_launch_v03.wav,48000,0.436333,1,False,-8.0
F5,1,Projectiles/riposte_launch_v04.wav,48000,0.443542,1,False,-8.0
F5,1,Projectiles/riposte_pierce_v01.wav,48000,0.420542,1,False,-11.0
F5,1,Projectiles/riposte_pierce_v02.wav,48000,0.417583,1,False,-11.0
F5,1,Projectiles/riposte_pierce_v03.wav,48000,0.423646,1,False,-11.0
F5,1,Projectiles/riposte_pierce_v04.wav,48000,0.420792,1,False,-11.0
F5,1,Projectiles/riposte_wall_impact_v01.wav,48000,0.520146,1,False,-16.0
F5,1,Projectiles/riposte_wall_impact_v02.wav,48000,0.516792,1,False,-16.0
F5,1,Projectiles/riposte_wall_impact_v03.wav,48000,0.520417,1,False,-16.0
F5,1,Projectiles/riposte_wall_impact_v04.wav,48000,0.520687,1,False,-16.0
F2,1,Projectiles/scatter_volley_dissipate_v01.wav,48000,0.475208,1,False,-24.0
F2,1,Projectiles/scatter_volley_dissipate_v02.wav,48000,0.481458,1,False,-24.0
F2,1,Projectiles/scatter_volley_dissipate_v03.wav,48000,0.485938,1,False,-24.0
F2,1,Projectiles/scatter_volley_dissipate_v04.wav,48000,0.476625,1,False,-24.0
F2,1,Projectiles/scatter_volley_flight_v01.wav,48000,2.0,1,True,-26.0
F2,1,Projectiles/scatter_volley_impact_v01.wav,48000,0.519062,1,False,-10.0
F2,1,Projectiles/scatter_volley_impact_v02.wav,48000,0.516938,1,False,-10.0
F2,1,Projectiles/scatter_volley_impact_v03.wav,48000,0.527875,1,False,-10.0
F2,1,Projectiles/scatter_volley_impact_v04.wav,48000,0.51375,1,False,-10.0
F2,1,Projectiles/scatter_volley_impact_v05.wav,48000,0.522292,1,False,-10.0
F2,1,Projectiles/scatter_volley_impact_v06.wav,48000,0.521208,1,False,-10.0
F2,1,Projectiles/scatter_volley_launch_v01.wav,48000,0.429625,1,False,-8.0
F2,1,Projectiles/scatter_volley_launch_v02.wav,48000,0.429229,1,False,-8.0
F2,1,Projectiles/scatter_volley_launch_v03.wav,48000,0.430104,1,False,-8.0
F2,1,Projectiles/scatter_volley_launch_v04.wav,48000,0.424979,1,False,-8.0
F2,1,Projectiles/scatter_volley_returned_launch_v01.wav,48000,0.433812,1,False,-8.0
F2,1,Projectiles/scatter_volley_returned_launch_v02.wav,48000,0.430917,1,False,-8.0
F2,1,Projectiles/scatter_volley_returned_launch_v03.wav,48000,0.427438,1,False,-8.0
F2,1,Projectiles/scatter_volley_returned_launch_v04.wav,48000,0.433583,1,False,-8.0
F2,1,Projectiles/scatter_volley_wall_impact_v01.wav,48000,0.522875,1,False,-16.0
F2,1,Projectiles/scatter_volley_wall_impact_v02.wav,48000,0.519333,1,False,-16.0
F2,1,Projectiles/scatter_volley_wall_impact_v03.wav,48000,0.513062,1,False,-16.0
F2,1,Projectiles/scatter_volley_wall_impact_v04.wav,48000,0.51325,1,False,-16.0
F3,1,Projectiles/siege_rocket_debris_tail_v01.wav,48000,1.486875,1,False,-17.0
F3,1,Projectiles/siege_rocket_debris_tail_v02.wav,48000,1.461688,1,False,-17.0
F3,1,Projectiles/siege_rocket_debris_tail_v03.wav,48000,1.511167,1,False,-17.0
F3,1,Projectiles/siege_rocket_debris_tail_v04.wav,48000,1.503521,1,False,-17.0
F3,1,Projectiles/siege_rocket_dissipate_v01.wav,48000,0.479312,1,False,-24.0
F3,1,Projectiles/siege_rocket_dissipate_v02.wav,48000,0.480563,1,False,-24.0
F3,1,Projectiles/siege_rocket_dissipate_v03.wav,48000,0.474083,1,False,-24.0
F3,1,Projectiles/siege_rocket_dissipate_v04.wav,48000,0.486792,1,False,-24.0
F3,1,Projectiles/siege_rocket_explosion_v01.wav,48000,1.147938,1,False,-5.0
F3,1,Projectiles/siege_rocket_explosion_v02.wav,48000,1.133396,1,False,-5.0
F3,1,Projectiles/siege_rocket_explosion_v03.wav,48000,1.139792,1,False,-5.0
F3,1,Projectiles/siege_rocket_explosion_v04.wav,48000,1.116292,1,False,-5.0
F3,1,Projectiles/siege_rocket_explosion_v05.wav,48000,1.10775,1,False,-5.0
F3,1,Projectiles/siege_rocket_flight_v01.wav,48000,2.0,1,True,-26.0
F3,1,Projectiles/siege_rocket_impact_v01.wav,48000,0.515896,1,False,-10.0
F3,1,Projectiles/siege_rocket_impact_v02.wav,48000,0.523417,1,False,-10.0
F3,1,Projectiles/siege_rocket_impact_v03.wav,48000,0.526333,1,False,-10.0
F3,1,Projectiles/siege_rocket_impact_v04.wav,48000,0.528375,1,False,-10.0
F3,1,Projectiles/siege_rocket_impact_v05.wav,48000,0.5155,1,False,-10.0
F3,1,Projectiles/siege_rocket_impact_v06.wav,48000,0.513021,1,False,-10.0
F3,1,Projectiles/siege_rocket_launch_v01.wav,48000,0.634542,1,False,-8.0
F3,1,Projectiles/siege_rocket_launch_v02.wav,48000,0.637021,1,False,-8.0
F3,1,Projectiles/siege_rocket_launch_v03.wav,48000,0.639917,1,False,-8.0
F3,1,Projectiles/siege_rocket_launch_v04.wav,48000,0.632313,1,False,-8.0
F3,1,Projectiles/siege_rocket_returned_launch_v01.wav,48000,0.629896,1,False,-8.0
F3,1,Projectiles/siege_rocket_returned_launch_v02.wav,48000,0.619437,1,False,-8.0
F3,1,Projectiles/siege_rocket_returned_launch_v03.wav,48000,0.627938,1,False,-8.0
F3,1,Projectiles/siege_rocket_returned_launch_v04.wav,48000,0.625458,1,False,-8.0
F3,1,Projectiles/siege_rocket_wall_impact_v01.wav,48000,0.518229,1,False,-16.0
F3,1,Projectiles/siege_rocket_wall_impact_v02.wav,48000,0.526521,1,False,-16.0
F3,1,Projectiles/siege_rocket_wall_impact_v03.wav,48000,0.513792,1,False,-16.0
F3,1,Projectiles/siege_rocket_wall_impact_v04.wav,48000,0.512854,1,False,-16.0
B5,2,Stingers/boss_combat_start_v01.wav,48000,1.95,2,False,-8.0
B4,2,Stingers/boss_reveal_v01.wav,48000,3.2,2,False,-8.0
B6,2,Stingers/collector_defeated_v01.wav,48000,3.55,2,False,-8.0
B8,2,Stingers/death_defeat_v01.wav,48000,3.2,2,False,-11.0
B3,2,Stingers/encounter_begin_v01.wav,48000,1.65,2,False,-12.0
B2,2,Stingers/encounter_clear_v01.wav,48000,2.55,2,False,-9.0
B12,6,Stingers/endless_boss_clear_v01.wav,48000,2.95,2,False,-12.0
B11,6,Stingers/endless_cycle_escalates_v01.wav,48000,2.45,2,False,-12.0
B10,6,Stingers/endless_wave_clear_v01.wav,48000,1.95,2,False,-13.0
B13,6,Stingers/run_retired_v01.wav,48000,2.3,2,False,-17.0
B1,2,Stingers/run_start_v01.wav,48000,1.9,2,False,-10.0
B7,2,Stingers/short_run_victory_v01.wav,48000,4.3,2,False,-9.0
B9,2,Stingers/time_expiry_defeat_v01.wav,48000,3.65,2,False,-12.0
K3,6,Training/lesson_complete_v01.wav,48000,1.7,2,False,-16.0
K1,6,Training/lesson_prompt_v01.wav,48000,0.48,1,False,-21.0
K1,6,Training/lesson_prompt_v02.wav,48000,0.48,1,False,-21.0
K2,6,Training/objective_progress_v01.wav,48000,0.43,1,False,-20.0
K2,6,Training/objective_progress_v02.wav,48000,0.43,1,False,-20.0
K2,6,Training/objective_progress_v03.wav,48000,0.43,1,False,-20.0
K4,6,Training/tutorial_complete_v01.wav,48000,2.6,2,False,-14.0
C13,3,UI/action_rejected_v01.wav,48000,0.13,1,False,-22.0
C13,3,UI/action_rejected_v02.wav,48000,0.13,1,False,-22.0
C13,3,UI/action_rejected_v03.wav,48000,0.13,1,False,-22.0
C4,3,UI/back_cancel_v01.wav,48000,0.12,1,False,-21.0
C4,3,UI/back_cancel_v02.wav,48000,0.12,1,False,-21.0
C4,3,UI/back_cancel_v03.wav,48000,0.12,1,False,-21.0
C2,3,UI/button_press_v01.wav,48000,0.06,1,False,-20.0
C2,3,UI/button_press_v02.wav,48000,0.06,1,False,-20.0
C2,3,UI/button_press_v03.wav,48000,0.06,1,False,-20.0
C8,3,UI/card_node_select_v01.wav,48000,0.11,1,False,-21.0
C8,3,UI/card_node_select_v02.wav,48000,0.11,1,False,-21.0
C8,3,UI/card_node_select_v03.wav,48000,0.11,1,False,-21.0
C3,3,UI/confirm_v01.wav,48000,0.16,1,False,-18.0
C3,3,UI/confirm_v02.wav,48000,0.16,1,False,-18.0
C3,3,UI/confirm_v03.wav,48000,0.16,1,False,-18.0
C14,3,UI/confirmation_open_v01.wav,48000,0.28,1,False,-21.0
C14,3,UI/confirmation_open_v02.wav,48000,0.28,1,False,-21.0
C15,3,UI/destructive_confirm_v01.wav,48000,0.28,1,False,-18.0
C15,3,UI/destructive_confirm_v02.wav,48000,0.28,1,False,-18.0
C17,3,UI/details_close_v01.wav,48000,0.17,1,False,-24.0
C17,3,UI/details_close_v02.wav,48000,0.17,1,False,-24.0
C17,3,UI/details_open_v01.wav,48000,0.21,1,False,-24.0
C17,3,UI/details_open_v02.wav,48000,0.21,1,False,-24.0
C1,3,UI/focus_hover_v01.wav,48000,0.045,1,False,-24.0
C1,3,UI/focus_hover_v02.wav,48000,0.045,1,False,-24.0
C1,3,UI/focus_hover_v03.wav,48000,0.045,1,False,-24.0
C19,3,UI/notification_v01.wav,48000,0.27,1,False,-19.0
C19,3,UI/notification_v02.wav,48000,0.27,1,False,-19.0
C19,3,UI/notification_v03.wav,48000,0.27,1,False,-19.0
C6,3,UI/panel_close_v01.wav,48000,0.18,1,False,-23.0
C6,3,UI/panel_close_v02.wav,48000,0.18,1,False,-23.0
C6,3,UI/panel_close_v03.wav,48000,0.18,1,False,-23.0
C5,3,UI/panel_open_v01.wav,48000,0.23,1,False,-22.0
C5,3,UI/panel_open_v02.wav,48000,0.23,1,False,-22.0
C5,3,UI/panel_open_v03.wav,48000,0.23,1,False,-22.0
C18,3,UI/scroll_tick_v01.wav,48000,0.035,1,False,-32.01
C18,3,UI/scroll_tick_v02.wav,48000,0.035,1,False,-32.0
C18,3,UI/scroll_tick_v03.wav,48000,0.035,1,False,-32.0
C12,3,UI/setting_decrease_v01.wav,48000,0.055,1,False,-24.0
C12,3,UI/setting_decrease_v02.wav,48000,0.055,1,False,-24.0
C11,3,UI/setting_increase_v01.wav,48000,0.055,1,False,-24.0
C11,3,UI/setting_increase_v02.wav,48000,0.055,1,False,-24.0
C16,3,UI/style_equipped_v01.wav,48000,0.3,1,False,-17.0
C16,3,UI/style_equipped_v02.wav,48000,0.3,1,False,-17.0
C16,3,UI/style_equipped_v03.wav,48000,0.3,1,False,-17.0
C7,3,UI/tab_change_v01.wav,48000,0.08,1,False,-22.0
C7,3,UI/tab_change_v02.wav,48000,0.08,1,False,-22.0
C7,3,UI/tab_change_v03.wav,48000,0.08,1,False,-22.0
C10,3,UI/toggle_off_v01.wav,48000,0.08,1,False,-23.0
C10,3,UI/toggle_off_v02.wav,48000,0.08,1,False,-23.0
C9,3,UI/toggle_on_v01.wav,48000,0.09,1,False,-22.0
C9,3,UI/toggle_on_v02.wav,48000,0.09,1,False,-22.0
I23,4,Upgrades/achievement_unlock_v01.wav,48000,2.45,2,False,-14.0
I15,4,Upgrades/chain_advance_02_v01.wav,48000,0.429063,1,False,-18.0
I15,4,Upgrades/chain_advance_02_v02.wav,48000,0.429833,1,False,-18.0
I15,4,Upgrades/chain_advance_03_v01.wav,48000,0.438708,1,False,-18.0
I15,4,Upgrades/chain_advance_03_v02.wav,48000,0.442792,1,False,-18.0
I15,4,Upgrades/chain_advance_04_v01.wav,48000,0.447229,1,False,-17.0
I15,4,Upgrades/chain_advance_04_v02.wav,48000,0.444146,1,False,-17.0
I15,4,Upgrades/chain_advance_05_v01.wav,48000,0.460958,1,False,-17.0
I15,4,Upgrades/chain_advance_05_v02.wav,48000,0.461896,1,False,-17.0
I17,4,Upgrades/chain_break_v01.wav,48000,0.402354,1,False,-26.0
I17,4,Upgrades/chain_break_v02.wav,48000,0.399458,1,False,-26.0
I16,4,Upgrades/chain_milestone_v01.wav,48000,0.621437,1,False,-13.0
I16,4,Upgrades/chain_milestone_v02.wav,48000,0.636604,1,False,-13.0
I16,4,Upgrades/chain_milestone_v03.wav,48000,0.634979,1,False,-13.0
I14,4,Upgrades/chain_start_v01.wav,48000,0.430521,1,False,-18.0
I14,4,Upgrades/chain_start_v02.wav,48000,0.427417,1,False,-18.0
I14,4,Upgrades/chain_start_v03.wav,48000,0.430604,1,False,-18.0
I7,4,Upgrades/echo_volley_release_v01.wav,48000,0.528292,1,False,-16.0
I7,4,Upgrades/echo_volley_release_v02.wav,48000,0.528271,1,False,-16.0
I7,4,Upgrades/echo_volley_release_v03.wav,48000,0.512229,1,False,-16.0
I7,4,Upgrades/echo_volley_release_v04.wav,48000,0.526,1,False,-16.0
I10,4,Upgrades/final_second_perfect_v01.wav,48000,0.520875,1,False,-10.0
I10,4,Upgrades/final_second_perfect_v02.wav,48000,0.524438,1,False,-10.0
I10,4,Upgrades/final_second_perfect_v03.wav,48000,0.528083,1,False,-10.0
I12,4,Upgrades/fusion_merge_v01.wav,48000,0.868583,1,False,-8.0
I12,4,Upgrades/fusion_merge_v02.wav,48000,0.866021,1,False,-8.0
I12,4,Upgrades/fusion_merge_v03.wav,48000,0.874917,1,False,-8.0
I12,4,Upgrades/fusion_merge_v04.wav,48000,0.861688,1,False,-8.0
I8,4,Upgrades/heavy_orbit_active_v01.wav,48000,2.0,1,True,-28.0
I8,4,Upgrades/heavy_orbit_hit_v01.wav,48000,0.481312,1,False,-19.0
I8,4,Upgrades/heavy_orbit_hit_v02.wav,48000,0.48625,1,False,-19.0
I8,4,Upgrades/heavy_orbit_hit_v03.wav,48000,0.474333,1,False,-19.0
I8,4,Upgrades/heavy_orbit_hit_v04.wav,48000,0.481646,1,False,-19.0
I19,4,Upgrades/mastery_level_up_v01.wav,48000,2.1,2,False,-13.0
I20,4,Upgrades/mastery_point_awarded_v01.wav,48000,0.597437,1,False,-20.0
I20,4,Upgrades/mastery_point_awarded_v02.wav,48000,0.597771,1,False,-20.0
I11,4,Upgrades/overflow_replace_v01.wav,48000,0.609104,1,False,-10.0
I11,4,Upgrades/overflow_replace_v02.wav,48000,0.600625,1,False,-10.0
I11,4,Upgrades/overflow_replace_v03.wav,48000,0.610375,1,False,-10.0
I11,4,Upgrades/overflow_replace_v04.wav,48000,0.608708,1,False,-10.0
I9,4,Upgrades/parting_gift_v01.wav,48000,0.758083,1,False,-10.0
I9,4,Upgrades/parting_gift_v02.wav,48000,0.759542,1,False,-10.0
I9,4,Upgrades/parting_gift_v03.wav,48000,0.761188,1,False,-10.0
I9,4,Upgrades/parting_gift_v04.wav,48000,0.746146,1,False,-10.0
I6,4,Upgrades/piercing_return_layer_v01.wav,48000,0.466187,1,False,-18.0
I6,4,Upgrades/piercing_return_layer_v02.wav,48000,0.462708,1,False,-18.0
I6,4,Upgrades/piercing_return_layer_v03.wav,48000,0.465667,1,False,-18.0
I6,4,Upgrades/piercing_return_layer_v04.wav,48000,0.457729,1,False,-18.0
I13,4,Upgrades/quick_draw_v01.wav,48000,0.428958,1,False,-13.0
I13,4,Upgrades/quick_draw_v02.wav,48000,0.434729,1,False,-13.0
I13,4,Upgrades/quick_draw_v03.wav,48000,0.426771,1,False,-13.0
I13,4,Upgrades/quick_draw_v04.wav,48000,0.433417,1,False,-13.0
I24,4,Upgrades/record_best_score_v01.wav,48000,2.25,2,False,-14.0
I25,4,Upgrades/record_longest_run_v01.wav,48000,2.35,2,False,-15.0
I22,4,Upgrades/skill_respec_v01.wav,48000,0.81475,1,False,-18.0
I22,4,Upgrades/skill_respec_v02.wav,48000,0.839167,1,False,-18.0
I21,4,Upgrades/skill_unlock_v01.wav,48000,0.987354,1,False,-13.0
I21,4,Upgrades/skill_unlock_v02.wav,48000,0.989125,1,False,-13.0
I21,4,Upgrades/skill_unlock_v03.wav,48000,0.985479,1,False,-13.0
I2,4,Upgrades/upgrade_buy_life_payment_v01.wav,48000,0.827729,1,False,-14.0
I2,4,Upgrades/upgrade_buy_life_payment_v02.wav,48000,0.822354,1,False,-14.0
I2,4,Upgrades/upgrade_buy_life_payment_v03.wav,48000,0.823229,1,False,-14.0
I4,4,Upgrades/upgrade_life_insufficient_v01.wav,48000,0.460646,1,False,-20.0
I4,4,Upgrades/upgrade_life_insufficient_v02.wav,48000,0.459875,1,False,-20.0
I1,4,Upgrades/upgrade_offers_v01.wav,48000,0.753521,1,False,-18.0
I1,4,Upgrades/upgrade_offers_v02.wav,48000,0.749042,1,False,-18.0
I3,4,Upgrades/upgrade_rank_up_v01.wav,48000,0.682958,1,False,-14.0
I3,4,Upgrades/upgrade_rank_up_v02.wav,48000,0.689458,1,False,-14.0
I3,4,Upgrades/upgrade_rank_up_v03.wav,48000,0.684562,1,False,-14.0
I18,4,Upgrades/xp_tally_complete_v01.wav,48000,0.570312,1,False,-20.0
I18,4,Upgrades/xp_tally_complete_v02.wav,48000,0.5875,1,False,-20.0
I18,4,Upgrades/xp_tally_tick_v01.wav,48000,0.331313,1,False,-26.0
I18,4,Upgrades/xp_tally_tick_v02.wav,48000,0.328542,1,False,-26.0
I18,4,Upgrades/xp_tally_tick_v03.wav,48000,0.330083,1,False,-26.0
J13,5,World/morph_begin_v01.wav,48000,1.18,1,False,-18.0
J13,5,World/morph_begin_v02.wav,48000,1.18,1,False,-18.0
J14,5,World/morph_patch_v01.wav,48000,0.55,1,False,-22.0
J14,5,World/morph_patch_v02.wav,48000,0.55,1,False,-22.0
J14,5,World/morph_patch_v03.wav,48000,0.55,1,False,-22.0
J14,5,World/morph_patch_v04.wav,48000,0.55,1,False,-22.0
J14,5,World/morph_patch_v05.wav,48000,0.55,1,False,-22.0
J14,5,World/morph_patch_v06.wav,48000,0.55,1,False,-22.0
J17,5,World/morph_settle_v01.wav,48000,0.98,1,False,-24.0
J17,5,World/morph_settle_v02.wav,48000,0.98,1,False,-24.0
J20,5,World/sanctum_darkness_v01.wav,48000,0.73,1,False,-22.0
J21,5,World/sanctum_light_01_v01.wav,48000,0.58,1,False,-19.0
J21,5,World/sanctum_light_02_v01.wav,48000,0.58,1,False,-19.0
J21,5,World/sanctum_light_03_v01.wav,48000,0.58,1,False,-19.0
J21,5,World/sanctum_light_04_v01.wav,48000,0.58,1,False,-19.0
J21,5,World/sanctum_light_05_v01.wav,48000,0.58,1,False,-19.0
J21,5,World/sanctum_light_06_v01.wav,48000,0.58,1,False,-19.0
J21,5,World/sanctum_light_07_v01.wav,48000,0.58,1,False,-19.0
J21,5,World/sanctum_light_08_v01.wav,48000,0.58,1,False,-19.0
J18,5,World/sanctum_pull_begin_v01.wav,48000,0.68,1,False,-12.0
J18,5,World/sanctum_pull_begin_v02.wav,48000,0.68,1,False,-12.0
J22,5,World/sanctum_reveal_resolve_v01.wav,48000,1.8,1,False,-12.0
J19,5,World/sanctum_rising_transport_v01.wav,48000,2.0,1,False,-11.0
J15,5,World/scenery_dissolve_v01.wav,48000,0.96,1,False,-24.0
J15,5,World/scenery_dissolve_v02.wav,48000,0.96,1,False,-24.0
J15,5,World/scenery_dissolve_v03.wav,48000,0.96,1,False,-24.0
J15,5,World/scenery_dissolve_v04.wav,48000,0.96,1,False,-24.0
J16,5,World/scenery_form_v01.wav,48000,0.94,1,False,-23.0
J16,5,World/scenery_form_v02.wav,48000,0.94,1,False,-23.0
J16,5,World/scenery_form_v03.wav,48000,0.94,1,False,-23.0
J16,5,World/scenery_form_v04.wav,48000,0.94,1,False,-23.0
